"This Privacy Policy describes the types of information we may collect from you or that you may provide to us when you visit the lynda.com websites located at www.lynda.com, m.lynda.com and www.video2brain.com (the Websites) or the lynda.com mobile application (App) (collectively, the Services) , and our practices for collecting, using, maintaining, protecting and disclosing such information."
"who may be individual consumers and other cardholders (""Cardholder Data"")."
"MLB Advanced Media, L.P. is the organization that produces and publishes the Official Website of Major League Baseball, which encompasses MLB.com, the Official Websites of the thirty (30) Major League Baseball (""MLB"") Clubs, the Official Websites of certain other MLB-related properties (collectively, this ""Website""), downloadable mobile applications (e.g."
"Sharing and Disclosure of Personal Information and Other Information."
"All capitalized terms used herein that are not otherwise defined in this Privacy Policy shall be as defined in the JibJab Terms of Service (click here)."
"The term ""Bank of America"" or ""we"" or ""us"" or ""our"" in this Notice refers to banking and non-banking U.S. affiliates or subsidiaries of Bank of America Corporation that link to this Notice."
"Please review this privacy policy periodically as we may update it from time to time."
"The following Privacy Policy summarizes the various ways we treat personally identifiable and other information about you and your computer, mobile or other device when you access, visit and/or use the Service."
"Privacy Policy - Your Privacy Rights
Last revised: January 07, 2014
Dictionary.com LLC respects your privacy."
"This is important; we hope you will take time to read it carefully."
"When This Privacy Policy Applies."
"PRIVACY POLICY
Liquor.com Holdings, Inc. (""Liquor.com"") takes very seriously the private nature of your personal information."
"TGI FRIDAYS PRIVACY POLICY
We want to make your online and mobile experiences satisfying and safe."
"This privacy policy applies to all interactions with, transactions made, and data gathered on the Site."
"By visiting Amazon.com, you are accepting the practices described in this Privacy Notice."
"The other integral parts of such agreement are the JibJab Terms of Service (click here), the JibJab Terms of Sale (click here) and the Legal Notices (click here)."
"In general, you can visit The MFA on the Web without identifying yourself or revealing any personal information."
"Therefore, this online Privacy Statement tells you about the information Caribou Coffee collects through the services available on www.cariboucoffee.com (the ""Site""), and how we use that information."
"At AOL, it's our mission to provide users with rich, interactive online experiences."
"Collection and Use of Personal Information and Other Information (Other than Wireless Marketing Services and Associated Promotional Opportunities)."
"RedOrbit, Inc. Privacy Statement
This privacy statement covers the site new.www.redorbit.com."
"We will only use the personal information you provide for its intended purpose."
"Privacy Policy
Dog Breed Info Center does not collect or use your personal information, except in limited circumstances."
"A copy of our current notice is posted in our reception areas."
"IMDb knows that you care how information about you is used and shared, and we appreciate your trust that we will do so carefully and sensibly."
"You can choose not to provide certain information, but then you might not be able to take advantage of many of our features."
"For example, we may collect information that you provide to us, information that we collect through your use of the Services, and information that we collect from publicly available sources or third parties."
"
The Information We Collect
Through Time Inc. publications, websites, and other media, you can order publications and products; engage in various activities like entering contests or sweepstakes, playing games, taking quizzes, voting in polls or otherwise expressing an opinion; subscribe to one of our services, such as newsletters; or participate in one of our online forums or communities."
"We protect your privacy while you visit us online."
"We're always working to make our services even better."
"The Policy describes:
The information we collect and how we collect it;
What we do with the information we collect;
Information sharing and disclosure;
How you can access and update your information;
How we protect information;
Linked sites and advertisements;
Users from outside the United States;
Children;
How to contact us;
Your California privacy rights;
No rights of third parties; and
Changes to this policy."
"By visiting our Sites, you are accepting the practices described in our privacy policy, including our use of cookies and similar online tools."
"Privacy Policy
Last updated: December 31, 2014
GameStop knows that you care about your privacy and the use of your personal information."
"Items bought from retailers should be returned/exchanged at the place of purchase."
"Privacy Policy
Effective Date
This Privacy Policy is applicable to www.prometheusgm.com, www.billboard.com, www.billboard.biz, www.adweek.com, www.backstage.com, www.hollywoodreporter.com, www.clioawards.com, www.filmjournal.com and any other site that may be operated by or for Prometheus Global Media (togetheher, the ""Websites"")."
"In some areas, however, you may choose services that require you to provide us with information by which you can be identified."
"We are not responsible for the actions and privacy policies of third party websites."
"The word ""computer"" means any device used to connect to a Website, including, but not limited to, mobile devices."
"Privacy Policy
NaturalNews.com never rents or sells emails to third parties."
"Zacks Investment Research Privacy Policy
Since our inception in 1978, we have sought to have long-term relationships with our customers."
"To better protect your privacy we provide this notice explaining our online information practices and the choices you can make about the way your information is collected and used."
"We may transfer personal information to a third party only in the following cases:
To a bank or United States Department of the Treasury account, which must receive payment for a transaction that you initiated;
To a company that is contracted to assist us with specific services, including electronic commerce or donations, and which agrees not to sell or use personal information for other purposes;
To legal authorities if we suspect that you are attempting to change or otherwise damage this website, or you are using it in violation of Federal or local laws;
To the Foundation for the National Archives, a non-governmental 501(c)(3) organization that supports the programs and activities of the National Archives, when you use our online services to make a donation; or
To Congress or a court in response to a subpoena."
"In this Privacy Policy, ""GameStop"" means GameStop, Inc., its Websites and its retail stores located in the United States, Guam, and Puerto Rico."
"This affiliate, called Testor FCI Acquisition, LLC (Publisher), plans to continue the Properties operations uninterrupted after the sale to provide readers with high quality local news services."
"This Privacy Policy applies when you use a website, mobile or tablet application, or other online service (collectively, the Services) that links or refers to it."
"Personal Information Collected Via Our Services
How We Use and Share Your Personal Information
Additional Information About Collection of Location Data
Additional Information About Our Access to Your Contacts
Other Information Collected And Shared Within Our Services."
"We respect your right to privacy, and have developed this Privacy Statement to inform you about our privacy practices for the entire Farlex Web site and all its entities (which includes the farlex.com, thefreedictionary.com, thefreelibrary.com, tfd.com, and spellingcenter.com domains)."
"Privacy Policy
Last modified: June 30, 2015 ( view archived versions)
There are many different ways you can use our services - to search for and share information, to communicate with other people or to create new content."
"Privacy Policy
Last updated and effective as of April 28, 2014
This website ( http://taylorswift.com) is operated by GROUND CTRL, LLC d/b/a Ground(ctrl), on behalf of Taylor Nation, LLC, with the on-line store ( http://store.taylorswift.com) operated by Miva Merchant, Inc. on behalf of Taylor Nation, LLC (each of the foregoing entities, and all entities collectively, ""we,"" ""us"" or ""our"")."
"This Privacy Statement explains the policies we follow with respect to the handling of customer information collected by Chase Paymentech."
"Changes to this Privacy Policy and Notice."
"This Privacy Statement addresses SRL's practices regarding information collected only directly through or from the Site - it does not address or govern any information gathering, use, or dissemination practices related to information collected other than directly through or from the Site, including, without limitation, from or via telephone, facsimile, postal mail, personal delivery, or other or additional offline means or media."
"We want to make sure that you understand why we collect certain information, how we use it, and how we protect it."
"We use the information that you provide for such purposes as responding to your requests, customizing future shopping for you, improving our stores, and communicating with you."
"This Privacy Notice describes the types of information we collect from and about you when you visit this website (and the mobile optimized version of this website), how we may use and disclose such information, and your ability to control certain uses of it."
"The following Privacy Policy applies to your use of all websites, mobile applications, and other products and services owned, controlled, operated or hosted (whether now or in the future) by JibJab Media Inc. dba JibJab Bros. Studios and/or its corporate affiliates, including but not limited to the JibJab.com, StoryBots.com, HelloSanta.com, JibJab Messages and all related applications and services (collectively the ""JibJab Sites"")."
"Because the Internet is global, information about you that we collect or that you submit may be transferred to, processed in, and held in countries (including the United States) other than the one in which you reside."
"A cookie is a unique identifier collected by the site to verify a return visitor's identity, or to understand how visitors navigate the site."
"Privacy Policy

Important Update
In September 2012, we announced that Instagram had been acquired by Facebook."
"""Personal information"" means any information about an identifiable individual, such as name, address, phone number, email, birth date, gender or zip code/postal code."
"We've added more description about the ways we use and share the information collected from our users, within Meredith brands and with third-party service providers that help us operate our business."
"lynda.com has been awarded TRUSTe's Privacy and Children's Privacy Seal signifying that this Privacy Policy and practices of lynda.com, have been reviewed by TRUSTe for compliance with TRUSTe's Web Privacy and the TRUSTed Cloud Program Requirements including transparency, accountability and choice regarding the collection and use of your personal information."
"
Information You Give Us :
We receive and store any information you enter on our Web site or give us in any other way."
"We knew that by teaming up with Facebook, we could build a better Instagram for you."
"This Privacy Policy is applicable to this Website, the Applications, Mobile Games and the Social Games, all of which will be called ""Services"" throughout this Privacy Policy, and describes what information we collect, how we may use that information and the choices we offer for you to manage the information we collect related to your use of our Services."
"Conditions of Use, Notices, and Revisions
Examples of Information Collected

What Personal Information About Customers Does Amazon.com Gather?"
"When you visit a Website, we may collect certain data that does not tell us specifically who you are."
"Customer data transferred to Publisher will be held and maintained by Publisher pursuant to Publishers respective privacy policies, which can be found at the following: http://lima.ohcommedia.com, http://sedalia.ohcommedia.com, http://jacksonville.ohcommedia.com and http://alton.ohcommedia.com."
"Bank of America U.S. Online Privacy Notice
Last updated July 24, 2014
This U.S. Online Privacy Notice (Notice) applies to this Bank of America online interface (i.e., website or mobile application) and any Bank of America U.S. affiliate or subsidiary online interface that links to this Notice, (each, a Site, and, collectively, Sites)."
"The Service generally collects personally identifiable information with your specific knowledge and consent."
"Privacy Policy
PLEASE READ THIS PRIVACY POLICY (THIS ""PRIVACY POLICY"") CAREFULLY BEFORE USING OUR WEBSITE, APPLICATIONS OR ANY OTHER MLB ADVANCED MEDIA, L.P."
"Please note that these terms are subject to change, and any such changes will be included on this page."
"Amazon.com Privacy Notice
Last updated: March 3, 2014."
"The information we learn from customers helps us personalize and continually improve your Amazon experience."
"IMDb Privacy Notice
Last Updated, December 5, 2014 ."
"This Privacy Policy describes how we treat the information we collect when you visit our Web site and/or register for our email publication."
"As part of this sale, Freedom will be transferring to Publisher customer data collected from users of the Properties websites."
"What personally identifiable information third parties collect through the Web site."
"And remember, you can find controls to manage your information and protect your privacy and security at My Account."
"Privacy Statement
The Coffee Review is committed to preserving your privacy."
"AOL Privacy Policy
Last updated: June 23, 2015
AOL is now part of the Verizon family of companies."
"This Privacy Policy (""Policy"") explains how we collect, use and protect information that we learn about you as a result of your interaction with us through the websites on which this Policy is posted, including the websites that you may access using your mobile electronic device (collectively, ""Sites"") and the services provided through the Sites (""Services"")."
"NOTICE OF PRIVACY PRACTICES
THIS NOTICE DESCRIBES HOW MEDICAL INFORMATION ABOUT YOU MAY BE USED AND DISCLOSED AND HOW YOU CAN GET ACCESS TO THIS INFORMATION."
"We will only disclose personal information to a government agency if required by law."
"
Privacy Policy
Effective date: January 19, 2013
Welcome to Instagram (""Instagram,"" ""we,"" ""us"" or ""our"")."
"lynda.com Privacy Policy
Effective Date: March 5, 2014
We are lynda.com, Inc., located at 6410 Via Real, Carpinteria, CA 93013, USA."
"Vox Media Privacy Policy

Updated as of May 2014
Vox Media Policies
Terms of Use
Privacy Policy
Privacy Policy: Advertising Addendum
Security

Contact Us
Privacy Terms of Use Questions
Media Press Inquiries
National Ad Team
International Ad Team
Security Reporting
Your privacy is important to us and we have prepared this Privacy Policy to explain to you how we collect, use, and share information we obtain through your use of the Internet sites, applications and services ('services"") that are operated by, controlled by or are affiliate with Vox Media, Inc., including without limitation SB Nation, The Verge, Polygon, Curbed, Eater, Racked, and Vox.com (collectively, ""we,"" ""us"" or ""our"")."
"Farlex is committed to providing you with excellent service for all of our products."
"We reserve the right to modify or amend the terms of our privacy policy from time to time without notice."
"We will only disclose personal information to contractors or associates to carry out your requests; these third parties follow our privacy policy or prominently display their own."
"What About Third-Party Advertisers and Links to Other Websites?"
"We use your IP address to help diagnose problems with our server, and to administer our Web site."
"Effective Date: May 7, 2015
Kraft Site Privacy Notice
This website is owned and operated by Kraft Foods Group, Inc. At Kraft, we recognize that visitors to our site may be concerned about the information they provide to us and how we handle that information."
"Our way of doing that is to let you know in a clear, prominent, and easily accessible way how we collect, use, share, and above all protect your personal information."
"Privacy Policy
This is the web site of the Federal Reserve Bank of St. Louis."
"We do not sell or trade customer information with others for use on their mailing lists."
"Are Children Allowed to Use Amazon.com?"
"
The information we collect and how we collect it."
"We understand that privacy is very important to our visitors."
"Yahoo Privacy Center
Welcome to the Yahoo Privacy Center -- take a look around."
"However, the following applications do use cookies to store user login information which is intended to make the application more user-friendly:
IT Forum WebCT
Note: A cookie file contains unique information a web site can use to track such things as passwords, lists of pages you've visited, and the date when you last looked at a specific page or to identify your session at a particular web site."
"This Notice describes how Sites may collect, use and share information from or about you, and explains how information may be collected and used for advertising purposes."
"This Privacy Policy sets forth the online data collection and usage policies and practices that apply to this web site and to its network of sites, which are included in the link at the bottom of this page under Military.com Network Sites."
"If you provide your name, postal address, email address, phone number, or other information via a form on the website, we may store that information and contact you about our work."
"If you email a member of Congress or other policymaker, submit a comment to a government agency, send a letter-to-the-editor, or take any other action that generates a communication to an outside entity, the information you enter on the action page may be passed along to that outside entity."
"It does not govern or apply to information collected or used by WP Company LLC through other means."
"Additional privacy practices are described in the Verizon Privacy Policy."
"This Privacy Policy applies to information we collect: (i) through our Services, (ii) in text and electronic messages between you and our Services, and (iii) via mobile applications you download from our Websites, which provide dedicated non-browser-based interactions between you and our Services."
"By visiting a GameStop Website or retail store, participating in our PowerUp Rewards Program, or otherwise providing information to GameStop you are accepting the practices described in this Privacy Policy."
"For example: Name and email address when registering for an account with us
Name, billing address, shipping address, phone number, email address and credit card information for purchase of Premium membership and purchases from Shop Geocaching (shop.geocaching.com)."
"Our services are hosted on servers located in the United States."
"This Privacy Policy explains how we collect, use, disclose and transfer the information you provide when you interact with us including (but not limited to) via our websites, downloadable applications, such as games, interactive TV and Mobile Apps (as defined below) that link to this policy (""online services"")."
"We use this information to determine our users' preferences, to design initiatives to meet those preferences, to eliminate hassles, and to generally make your TGI Fridays experience more satisfying."
"We encourage you to read this Privacy Policy carefully to understand what personal information we may collect from you through our Sites, how we may use or share this information, and what steps you may take to control such use or sharing."
"Cincinnati Museum Center has created this privacy policy to demonstrate our firm commitment to protecting your information and informing you about how we handle your information."
"Chase Paymentech does not have direct relationships with, or collect information directly from, individual consumers other than in their capacity as owners or operators of a commercial enterprise."
"Bank of America provides other online interfaces not covered by this Notice."
"You still get to choose who can see your Instagram photos, and you still get to choose whether you post your photos on Facebook."
"The information you may choose to provide includes any or all of the following: email address, name, postal address, and phone number."
"This Privacy Policy governs only the Personal Information and Other Information (as those terms are defined below) collected by the Site and does not cover any such information collected in any other manner, the Parent Companies and/or any subsidiaries and affiliates of the Parent Companies (collectively, ""Affiliates"") or collected by any other company, unless specifically stated."
"What kind of personal information does Hat World collect-
We may collect personal information from you, such as your name, email address, postal address, phone number, purchase history, credit card number, gender, birthday, and personal interests, when you visit one of the Sites or stores, place an order online or by phone, make an in-store purchase, save your information with us online, return an item to a store, contact us with a question or concern, participate in a contest, promotion, or survey, or communicate with us in any other way."
"The federal government and technology industry have developed practical tips to help you guard against Internet fraud, secure your computer and protect your personal information."
"What organization collects the information."
"Chase Paymentech Solutions, LLC Privacy Statement
Chase Paymentech Solutions, LLC is committed to safeguarding the privacy and security of the information we collect."
"To better protect your privacy, we provide this notice explaining our information practices and the choices you can make about the way your information is collected and used by Time Inc. and its subsidiaries."
"Privacy Policy
Protecting your personal information and privacy is important to the Library."
"In the event of a conflict between this Privacy Policy and the Verizon Privacy Policy, the AOL Privacy Policy will control when you are on an AOL site or using and AOL product or service."
"Whether you are a subscriber or a visitor to our site, we assure you that we do not collect personal information from you unless you provide it to us ."
"One of the ways we do that is by analyzing information we collect and receive about users in order to figure out what they might be interested in."
"We do not sell any personal information to third parties."
"If you have any unanswered questions about our privacy policy, click here to reach our Privacy Officer."
"We're updating our Privacy Policy to highlight this new collaboration, but we want to make sure you understand that you still have control over who sees your photos."
"This Privacy Policy is intended to explain our privacy practices and covers the following areas:
When This Privacy Policy Applies."
"This Privacy Policy does not govern our use of any information you provide to us when you call us, write to us, or communicate with us in any manner other than through the Services."
"As you use our services, we want you to be clear how we're using information and the ways in which you can protect your privacy."
"Our privacy policy is applicable to The Atlantic, and The Atlantics affiliates and subsidiaries whose websites, mobile applications and other online services are directly linked (the Sites)."
"As a result, we've developed the following policy terms which apply to all websites and mobile applications owned and operated by BWW, specifically including the buffalowildwings.com site and the Fight4Fandom Mobile App (collectively the ""Site(s)"")."
"The information we receive and collect is strictly related to our business customers and the payment transactions that we assist them in executing, as well as from prospective or potential business customers or website visitors who may be interested in learning more about our services (""Customer Data"")."
"Privacy Policy
Cincymuseum.org and all other websites and/or domains hosted in conjunction with this domain (the ""Site"") are services of Cincinnati Museum Center (CMC), a non-profit organization based in Cincinnati, OH."
"Please read this notice carefully."
"When submitting photos, listing in our classifieds, or taking our survey, Dog Breed Info Center may collect your name, email address, home address and/or phone number."
"OpenSecrets.org Privacy Policy
The Center for Responsive Politics (CRP) takes your privacy very seriously."
"We also operate some of the industry's best-known advertising services, including Adap.tv and Advertising.com."
"Any information required by contest or sweepstakes entries or other promotions."
"By visiting and using the Site, you agree that your use of our Site, and any dispute over our online privacy practices, is governed by this Privacy Notice and our Terms of Service."
"As part of our new collaboration, we've learned that by being able to share insights and information with each other, we can build better experiences for our users."
"So that we may provide you with additional services as well as more interesting and relevant content, we may request additional information, including your name, zip code and telephone number."
"To opt out of the DART cookies you may visit the Google ad and content network privacy policy at the following url http://www.google.com/privacy_ads.html Tracking of users through the DART cookie mechanisms are subject to Google's own privacy policies."
"Your California Privacy Rights."
"Cookies are generated and placed on your computer when you visit a Web site."
"It includes things like your Internet Protocol (IP) address, browser type, and the last domain you visited before coming to our Website or the domain you go to when you leave."
"We've amended our privacy policy to update you about the types of information we collect."
"PRIVACY POLICY
This Privacy Policy explains what information is collected via the Mohegan Sun website located at mohegansun.com, why the information is collected and how it is used."
"In our site, we give you opportunities to provide your name, address, email and other relevant information that we use to give you a more personalized shopping experience and to make ordering and reordering easier for you."
"Military is committed to protecting the privacy of our users, and strives to provide a safe, secure user experience."
"The information you share with Walmart allows us to provide the products and services you need and want while giving you the very best shopping experience."
"Tribune Company is a diverse multimedia company and, together with its Affiliates, operates daily newspapers, television stations, a digital broadcast program network, and news, entertainment, and information websites."
"User Agreement and Privacy Policy
Last Revised: December 23, 2013
To jump to our Privacy Policy, click here
To opt-out of Third Party Tracking Technologies, click here
To opt-out of Third Party Sharing, click here
If you have a complaint about another user, click here
Kids and parents click here

PRIVACY POLICY
1."
"You'll learn how Yahoo treats your personal information, along with ways to control your preferences and settings."
"By using any of the services above, you are accepting the practices described in our Privacy Policy."
"These webpages may link to a separate privacy policy maintained by that third party."
"To see what has changed click here."
"Privacy Policy
Your privacy is important to us."
"Public Citizen does not automatically collect personal information from people who visit or interact with our website."
"If it does, we will post an updated policy on the Sites and change the ""last updated"" line above."
"We may change the terms of this privacy statement at any time, and your continued use of this site is your agreement to any change in terms."
"LIQUOR.COM WILL NOT DISCLOSE YOUR PERSONAL INFORMATION TO ANY THIRD PARTY WITHOUT YOUR CONSENT, EXCEPT TO A THIRD PARTY AS REQUIRED TO HELP US DISTRIBUTE OUR EMAIL PUBLICATION."
"PLEASE REVIEW IT CAREFULLY."
"
What Personal Information About Users Does IMDb Gather-
The information we learn from users helps us personalize and continually improve your experience at IMDb."
"It is the goal of Liquor.com to bring you information that is relevant and targeted to your individual needs and, at the same time, protect your privacy."
"This Privacy Policy covers information that you give us about yourself as you use our websites, applications and other services, register to become a member or to receive information from us, or volunteer information."
"Privacy Policy
Last updated: August 26, 2014
Our Commitment to Privacy
Hat World values your time, respects your privacy, and seeks to earn your trust."
"This Privacy Notice discloses the privacy practices of our website, mobile site or app (the ""Site"")."
"Your privacy is important to us."
"PERSONAL INFORMATION
In order to distribute our email publication, we need your e-mail address."
"
What Does Our Privacy Policy Include?"
"Privacy Policy
PBS is committed to protecting the private information of our web site visitors."
"Thank you for visiting Fortune, or using our mobile device applications (the ""Apps"") or other services (together with the Apps, the ""Services""), Services within the network of Time Inc. and its subsidiaries, each of which have adopted this Privacy Policy."
"We recognize that the loyalty of our customers depends upon our relationships with them and we strongly support the rights of customers to maintain privacy of personal data."
"
Security
We take the responsibility for keeping your payment and personal information private and secure very seriously."
"You may choose to provide us with personal information if, for example, you subscribe to our publications or mail lists, send us questions through e-mail, answer our user surveys, register for an event or user account, apply for a job or participate in our online activities."
"Privacy Policy
We have updated our Privacy Policy as of June 10, 2011."
"Information about you may also be shared with other companies."
"At JibJab, we respect your right to privacy and we understand that you need to control the uses of your personal information."
"Amazon.com knows that you care how information about you is used and shared, and we appreciate your trust that we will do so carefully and sensibly."
"How Secure Is Information About Me?"
"This Privacy Policy applies whether you are accessing the Site via a personal computer, a mobile device or any other technology or devices now known or hereafter developed or discovered (each, a ""Device"") and whether you are accessing the Site as a registered user (if offered by the Site) or other user of the Site."
"From the pbs.org homepage to more than 150,000 pages of content produced by our affiliates, the ""pbs.org"" domain remains a safe haven."
"Our Policy outlines:
How and why we collect your personal information;
How your personal information is used and protected;
When and with whom we share your personal information; and
What choices you can make about how we collect, use, and share your personal information."
"Privacy Policy
Tulsaworld.com's Privacy Policy
Welcome to Tulsaworld.com, home of the Tulsa World Online Edition."
"Please read the following to learn more about our privacy policy."
"U.S. Governing Law; Safe Harbor."
"Your Privacy
Caribou Coffee Privacy Statement June 3, 2003
Caribou Coffee Company, Inc. (""Caribou Coffee"") knows that you care how information about you is used and shared, and we appreciate your trust that we will do so carefully."
"This customer privacy policy is intended to outline our legitimate business interests in collecting and using information and your reasonable expectations of privacy."
"PRODUCT OR SERVICE."
"Please note that our Site may contain links to sponsor organizations and PBS Member Stations."
"This policy also tells you how we use tracking technologies, cookies and browsing data we collect from your use of the online services, the measures we take to protect the security of the information you provide to us through the online services, and how you can contact us if you have any questions regarding the online services (including if you want to unsubscribe from our services or update your contact details)."
"How RedOrbit, Inc. uses the information."
"Personal Information
You do not have to provide any personal information to visit this website."
"Terms and Conditions
Please refer to the order terms below."
"Your use of the Websites constitutes your acceptance of this Privacy Policy."
"Except with your consent or as required or permitted by law, we will use the information you submit for the purposes for which it is submitted or as otherwise described in this privacy statement."
"It does not apply to information we collect in any other fashion."
"To better inform you of our policy concerning user privacy, we have adopted the following terms."
"Privacy Policy - Effective January 14, 2015
Read our updated privacy policy carefully:
We've summarized our privacy policy terms so you can find what you need quickly."
"Your continued use of our Sites following the posting of changes to these terms will mean you accept those changes."
"This Privacy Policy does not cover information collected elsewhere, including without limitation offline and on sites, applications, destinations, or services linked to from the Service."
"We encourage you to review the privacy policy of any organization before submitting your personal information to them."
"Other Circumstances When Your Data May Be Shared
Managing Your Information
Other Information

Personal Information Collected Via Our Services
Information You Provide."
"MLB.com At Bat, MLB.com At the Ballpark) available from third party application storefronts (""Application(s)""""), mobile games available from third party application storefronts (e.g."
"If you do not agree to the terms of this privacy policy, please do not use the Sites."
"When you use our digital or mobile application, certain information about your activity is collected."
"University of Houston Privacy Policy
The Division of Information Technology maintains the University of Houston Web site as a public service."
"We've tried to keep it as simple as possible, but if you're not familiar with terms like cookies, IP addresses, pixel tags and browsers, then read about these key terms first."
"Our commitment to you
The Frederick News-Post and its owner, Randall Family, LLC (collectively, ""The News-Post""), recognize the importance of protecting the privacy of personally identifiable information collected about you, our customers."
"You will never be sent marketing materials by CRP unless you explicitly opt-in."
"What Choices Do I Have?"
"wrong size, color, no longer desired) will be the responsibility of the customer."
"We don't require you to register or provide personally-identifiable information to view our site or access much of its content, such as our many delicious recipes, but if you register, you may use certain additional features that allow you to receive or access your favorite recipes and participate in our interactive communities."
"Full Privacy Policy
Last updated: 14 January 2015
This Privacy Policy describes the privacy practices of NBCUniversal Media LLC including our affiliate companies (""NBCUniversal"", ""we"", ""our"" or ""us"")."
"PRIVACY POLICY
This is the Privacy Policy which applies to you if you live outside the European Union, Switzerland, Norway, Lichtenstein, Iceland, Australia, New Zealand, and Canada."
"In fact, we only disclose the information you provide us or send you information if you authorize us to do so by choosing to receive e-mail services on our Zacks.com Web site or opting into third party mailings."
"This statement explains the policies we follow with respect to the handling of customer information collected by Chase Paymentech."
"
Information We Collect
Chase Paymentech's customers, the customers of its affiliates, and the customers of other third-parties for which Chase Paymentech may provide outsourced or subcontracted processing services, (""Merchants"") are businesses and other legal entities desiring to accept credit or debit cards or other payment methods, as payment for goods or services."
"Privacy Policy
Last Modified: March 25, 2013
This is the privacy policy (""Privacy Policy"") for LatinPost.com (""Site,"" ""we,"" ""us,"" or ""our"")."
"Opting-out of Certain Uses of your Personal Information and Other Information (Other than Wireless Marketing Services and Associated Promotional Opportunities)."
"The personal information you choose to provide us is voluntary."
"Any and all personal identifiable information collected from our customers is used by Tanger Outlets only, and is not sold, shared or distributed to any third party."
"When you share information with us, for example by creating a Google Account, we can make those services even better - to show you more relevant search results and ads, to help you connect with people or to make sharing with others quicker and easier."
"We also distribute commentary and investment ideas from independent third parties, who produce financial news publications and who compensate Zacks Investment Research for distributing their newsletters."
"For instance, when you enter a sweepstakes or contest, complete a survey, make a purchase, subscribe to our publication(s), register for certain services, or register and/or set up an account/profile to access, visit and/or use certain portions of the Service, or the Service as a whole, you may be provided, or required to choose, a password and/or User ID, and you may provide a credit, debit, or charge card number, or other payment information, as well as your name, telephone number(s), email and/or street address, and other personally identifiable information."
"
Commitment to Privacy and Security
Chase Paymentech Solutions, LLC and its operating entity Paymentech, LLC (collectively, ""Chase Paymentech"") are committed to safeguarding the privacy and security of the information we collect."
"PRIVACY STATEMENT
Effective June 4, 2014
Please read this privacy statement carefully, because by using our website, you accept and agree to the terms stated below."
"This Privacy Policy applies to information we collect about you from any source - through our Websites, in our retail stores, through our Power-Up Rewards Program, in any contest or promotion, or any other way."
"The following statement discloses the information gathering and dissemination practices for the CoffeeReview.com website and the Coffee Review Marketplace."
"This privacy policy does not apply to Sites maintained by other companies or organizations to which we may link or who may link to us."
"We want our guests to feel confident that their information is handled with great care."
"We collect information about you in our stores and through the Sites ( lids.com, lids.ca and hatworld.com) in an effort to improve your shopping experience and to tell you about our products, services, contests and promotions."
"PRIVACY STATEMENT
OUR COMMITMENT TO PROTECTING YOUR PRIVACY Community Coffee Company respects your right to privacy and is committed to protecting it."
"The privacy policy describes the kinds of information we may gather during your visit to these Sites, how we use your information, when we might disclose your personally identifiable information, and how you can manage your information."
"Chase Paymentech does not provide services for consumer, personal, family or household purposes."
"Welcome to the Google Privacy Policy
When you use Google services, you trust us with your information."
"Protection of Information."
"
1."
"You will also be able to obtain your own copies by accessing our website at www.Kaleidahealth.org, calling our office at 716-859- 8559 or asking for one at the time of your next visit."
"Our founder Sam Walton reminded us that ""a promise we make is a promise we keep,"" and it's our promise to customers that we respect the trust you place in us and the privacy of the information you share."
"Privacy Policy
For each visitor to our Web site, or Web server automatically recognizes only the consumer's domain name, operating system, and web browser version but not the e-mail address."
"Which Information Can I Access?"
"Specifically, it outlines the types of information that we gather about you while you are using the Site, and the ways in which we use and share this information."
"This is Non-Personally Identifiable Information."
"
We Gather the Following Personal Information About Customers:
Information That You Give Us: We receive and store any information you enter on our Websites or that you give us in any other way."
"They make your return visits to a Web site more convenient."
"We at Farlex are sensitive to the privacy concerns of our subscribers and other visitors to our Web sites."
"Please read this Privacy Notice carefully."
"With whom RedOrbit, Inc. may share user information."
"This privacy policy was last revised per the date listed below."
"If you are not sure if this privacy policy applies to any webpage directly accessed through Tulsaworld.com, you should click on the privacy policy link at the bottom of the webpage, or you may contact Tulsaworld.com as set forth at the end of this policy."
"SPORTS REFERENCE LLC - Privacy Statement
A combination of sites providing top-notch statistics and resources for sports fans everywhere."
"Here we explain the type of information collected from PBS.org, how that information may be used, how you can access or modify that information, and how that information is protected."
"Our Policy covers how and why we collect, use, protect, and share your personal information:
At Walmart and Amigo retail stores in the United States and Puerto Rico, and
On our websites and mobile services where this Policy is posted."
"Dog Breed Info Center does not collect cookies from its users."
"Profile information such as your home location, your profile photo, your occupation, your address, any photo uploads, etc."
"Your IP address is used to help identify you and, in the case of the Coffee Review Marketplace, your shopping cart and to gather broad demographic information in the interest of improving our site and service."
"Please read the following to understand about our privacy practices."
"That's why everything we do is focused on providing excellent customer service and delivering low prices."
"We collect, use, and share information obtained from our online visitors and subscribers to Short Message Service (SMS) notifications only in the following ways:
We will only collect personal information that you voluntarily provide."
"IP Addresses."
"GameStop is not responsible for the privacy practices or the content of such other websites."
"In this Privacy Policy, Affiliates refers to our subsidiaries and entities that Tribune or its subsidiaries operate or have an ownership interest in."
"If you have any further questions, please contact us."
"If you provide contact information, National Archives staff or its contractors may contact you to clarify your comment or question, or to learn about your level of customer satisfaction with our services."
"What Personal Information About Customers Does Amazon.com Gather?"
"Privacy Policy
The GW Medical Faculty Associates (MFA) is committed to respecting your privacy."
"We do not require you to provide any information about yourself that you do not wish to share."
"PRIVACY POLICY
Last updated: March 25, 2015
Groundspeak, Inc. is dedicated to protecting your privacy."
"Privacy Policy
Last Updated on June 10, 2015
This Privacy Policy discloses the privacy practices for The New York Times newspaper and NYTimes.com (including international.nytimes.com, the online edition of The International New York Times), The New York Times Home Delivery website, The New York Times Neediest Cases Fund, The New York Times Store, Times Journeys and The New York Times Learning Network, our email newsletters and other applications owned and operated by The New York Times Company (collectively referred to as the ""NYT Services""), and to any services that display this notice."
"Any defective items purchased directly from Lodge are eligible for full refund or exchange by contacting customer service."
"We've designed one privacy policy to apply across many Meredith brands and online and mobile services."
"If we intend to apply the modifications or amendments to this privacy policy retroactively or to personally identifiable information already in our possession, we will provide you with notice of the modifications or amendments and seek your consent for such use."
"If we make significant changes to the policy, we will provide appropriate notice to you."
"Privacy Statement
We allow third-party companies to serve ads and/or collect certain anonymous information when you visit our web site."
"
Information We Collect
Personally-Identifiable Information
We collect certain personally-identifiable information, such as your name, birth year, telephone number and e-mail address, if you choose to register on our website or participate in our offers and programs."
"Information received such as name, email address, home address and data collected regarding areas of interest is stored in a database."
"Shipping for returns/exchanges due to non-defect reasons (i.e."
"PRIVACY POLICY Freedom Communications, Inc. (Freedom) has agreed to sell the assets of the Lima News, Sedalia Democrat, Jacksonville Journal Courier and Alton Telegraph (the Properties) to an affiliate of Ohio Community Media, an Ohio-based publisher of community newspapers."
"Privacy Policy/Your Privacy Rights
Last updated on August 19, 2013."
"The Bank respects your privacy."
"This Privacy Notice does not apply to any information you may provide to us, or that we may collect, offline and/or through other means (for example, at a live event, via telephone, or through the mail)."
"By visiting IMDb, you are accepting the practices described in this Privacy Notice."
"Privacy Statement
Thank you for visiting our website."
"As described in this policy, we may share your information among our brands and, under certain circumstances, with third parties that provide services on our behalf or with whom we have partnered to offer a particular product or service."
"Since then, we've been collaborating with Facebook's team on ways to do just that."
"From Pulitzer-Prize winning journalism on the Huffington Post, to the latest technology news on TechCrunch, to up-to-the-minute traffic information on MapQuest, our websites, apps, and other services and software are designed to keep you informed, entertained and delighted."
"At our option, we may respond by providing instructions about how our users can prevent our disclosure of personal information to third parties for their direct marketing purposes."
"This privacy policy applies to the www.citizen.org website."
"PRIVACY POLICY
Buffalo Wild Wings, Inc., its franchisees, marketing agencies, and affiliated contractors, as specifically identified here (collectively ""BWW,"" ""we"" or ""us""), appreciate your patronage and take your privacy very seriously."
"Our new Privacy Policy is effective on January 19, 2013."
"Information Collected Online
The information collected online is used for email broadcasts utilizing tailored information upon the request of a visitor."
"The use of cookies is a standard practice on the Internet and most major web sites use them."
"Because this Web site wants to demonstrate its commitment to our users' privacy, it has agreed to disclose its information practices."
"We do not use cookies to collect personal information, and we do not use cookies to retrieve information from your computer for purposes that are unrelated to the Web site or your interaction with the Web site."
"
WHAT THIS PRIVACY POLICY COVERS
Yahoo takes your privacy seriously."
"The Information We Collect and Use
A. Non-Personally Identifiable Information."
"References in this Privacy Policy to Tulsaworld.com or this ""Website"" include the webpages that are directly accessed through the navigation bars on Tulsaworld.com which have a direct link to this Privacy Policy."
"Privacy Policy
Last Updated: January 3, 2013
We take seriously your interest in how your information is collected and used."
"What personally identifiable information RedOrbit, Inc. collects."
"WHAT INFORMATION DO WE COLLECT FROM YOU?"
"
Overview
Privacy is of great concern to most users of the Internet, and is a critical part of an enjoyable and satisfactory user experience."
"Information you submit to our web site will be used to contact you if you have subscribed to our newsletter, if you have made a donation or if you respond to an action request made by the Center."
"Personal Information
You may access and browse our site without disclosing your personal data."
"By using the Site, you are accepting the practices described in this Privacy Statement, as modified by us from time to time."
"B."
"By accessing any part of the Sites or using the Services, you agree to the practices described in this Policy and consent to the collection, use and disclosure of your personal information as set out in this Policy."
"Privacy statement
Farlex, Inc.
Farlex is a privately owned corporation operating in Pennsylvania, USA."
"For instance, companies engaged in ""targeted"" or ""behavioral"" advertising present ads that might be of interest to you based on information about your online activities."
"Information and content you provide through the discussion forums, your geocache and trackable logs or by email to us."
"""Website(s)"" means GameStop operated websites and mobile applications, including GameStop.com and PowerUpRewards.com."
"Published: January 1, 2015
The WP Company LLC (The Washington Post) recognizes the importance of protecting the privacy of your personal information, and we have prepared this Privacy Policy to provide you with important information about our privacy practices."
"If you provide us information about yourself via e-mail or a web form, your information will be used only for the purposes described at the point of collection, such as to send information or products to you, or to respond to your questions or comments."
"So while we're looking forward to working closely with Facebook to build better experiences, we aren't changing the core features of the app that you've come to know and love."
"The Type of Information the Service Collects :
A."
"This Privacy Policy covers the following:
How We Use Information
Sharing of Information
Links to Third Party Sites
Data Security
How to Access or Update Your Information
Changes to this Privacy Policy
Other Important Information

Information We Collect
We may collect personal information about our users in various ways."
"To make this notice easy to find, we make it available on our homepage and at every point where personally identifiable information may be requested."
"In line with these values, our privacy policy may change from time to time."
"Click here for a list of the sites of Time Inc. and its subsidiaries which are governed by this Privacy Notice."
"We have updated our description of the various choices you have to limit the use of your information."
"You give us personal information when you join one of our loyalty clubs, enter one of our surveys, contests or sweepstakes, if you submit a question, comment or complaint, if you request or submit information about becoming a franchisee, if you submit an employment application, or for an online cake order."
"This notice describes our privacy policy."
"Through Profit from the Pros, we provide original and exclusive content from Zacks Investment Research and Zacks.com."
"Our websites and applications use cookies and other common automated data collection technologies."
"Thus, we do not wish to profit from the unwanted distribution of your private information or to inundate you with unnecessary e-mails or other material."
"CRP will not share, rent or sell personally identifiable information to any third parties ."
"Reviewing, Updating or Deleting Certain Information."
"We receive and store any information you give us when interacting with our services or in any other way, including through Geocaching API-enabled third party applications or services."
"To learn about how we treat information collected prior to January 19, 2013, please click here."
"Privacy Policy
Effective: January 1, 2015
At the Atlantic Monthly Group, Inc. (""The Atlantic""), we want you to enjoy and benefit from our websites and online services secure in the knowledge that we have implemented fair information practices designed to protect your privacy."
"It explains how we collect information from users of the Websites and how we use such information."
"We are not responsible for the privacy practices of those web sites."
"As always, Yahoo is committed to gaining your trust."
"This Privacy Policy does not apply to other GameStop brands such as BuyMyTronics, Game Informer, Kongregate, or PC Downloads, each of which has its own privacy policy."
"The information we gather on the Military sites may be shared within our affiliated companies on a worldwide basis in order to deliver the products and services we offer or in order to undertake analysis of our database."
"We automatically collect certain information to help us understand how our users use the Services (which we will refer to in this Privacy Policy collectively as ""Usage Data"" )."
"There may be some webpages or sections of Tulsaworld.com which are directly accessed through the navigation bar on Tulsaworld.com which are maintained by third parties with whom we have a business relationship."
"This Privacy Statement covers the services provided by Chase Paymentech to our merchant customers, including merchant customers using the Chase Mobile Checkout application."
"You can find information about NBCUniversal, including our affiliates, here."
"CRP is the sole owner of the information collected from users on OpenSecrets.org."
"Privacy Policy
Posted: Tuesday, September 18, 2012 12:29 pm
Updated: Thursday, May 21, 2015 3:22 pm."
"Kaleida Health is required by law to protect the privacy of health information that may reveal your identity, to provide you with this notice of our privacy practices, and to notify you if we become aware of a breach of your health information."
"When you use Dictionary.com, Reference.com, Thesaurus.com or any other online products or websites that we own (our ""sites"") and mobile applications (our ""apps""), we collect information about you and use it to facilitate and improve our services."
"We want to provide you with the means to control your privacy and give you a way to voice questions or concerns you may have."
"
Your California Privacy Rights
(As provided by California Civil Code Section 1798.83)
California residents have the right to request and obtain from us, once a year and free of charge, a list of the third parties to whom we have disclosed certain types of personal information (if any) for their direct marketing purposes in the prior calendar year."
"Information that Sci-News.com May Collect Online
Sci-News.com may collect and process the following data about you:
- information that you provide by filling in forms on our site, including names, e-mail and website addresses; we may also ask you for information for other purposes, for example when you report a problem with our site;
- if you contact us, we may keep a record of that correspondence;
- details of your visits to our site including, but not limited to, traffic data, location data, weblogs and other communication data."
"Privacy
Your Privacy
Your privacy is important to us."
"Does Amazon.com Share the Information It Receives?"
"This Privacy Policy pertains to the following services of Groundspeak: GEOCACHING.COM website and mobile applications;
SHOP.GEOCACHING.COM website;
WAYMARKING.COM website;
WHERIGO.COM website and mobile application;
GROUNDSPEAK.COM, including discussion forums
BLOG.GEOCACHING.COM website; and
MYGEOCACHINGPROFILE.COM website."
"This Privacy Policy is meant to help you understand what data we collect, why we collect it, and what we do with it."
"Your trust is essential to us, and we are not in the business of selling or renting information about our customers to others."
"Part of providing superior customer service includes making sure that we're building a relationship of trust with customers."
"To see what has changed, click here."
"If you visit or access your accounts from one of these sites, please review the online privacy practices of that site to understand how your online information may be collected, used and shared."
"This notice describes our Privacy Policy."
"This Privacy Statement sets forth the information-gathering, use, and dissemination practices of Sports Reference LLC, its subsidiaries, and affiliates (collectively referred to as ""SRL"") in connection with the World Wide Web sites located at www.sports-reference.com, www.baseball-reference.com, www.pro-football-reference.com, www.basketball-reference.com, hockey-reference.com, www.baseballbooks.net, and all other Web sites owned or operated by SRL (the ""Site"")."
"Here are the types of information we gather."
"""Affiliated companies"" means entities that control, are controlled by or are under common control with Military."
"The following is the privacy policy for this site (all pages - but not all links - starting with www.uh.edu):
Typically, we do not use cookies to collect information on the UH Central Web server (www.uh.edu)."
"Web orders will ship 5-7 business days from the time of purchase."
"Please see ""How We Use Cookies"" for more information about these technologies and how you can opt out of their use."
"Our Websites may contain links to other websites."
"VI.Privacy Policy
The Type of Information the Service Collects:
The following Privacy Policy summarizes the various ways we treat personally identifiable and other information about you and your computer, mobile or other device when you access, visit and/or use the Service."
"This helps us develop more engaging content and provide more effective advertising, which enables us to keep most of our services free."
"What choices are available to users regarding collection, use and distribution of the information."
"What About Cookies?"
"We encourage you to read the policy below so that you know how we collect and use the information you choose to provide."
"A."
"The use of DART cookies by Google enables them to serve adverts to visitors that are based on their visits to this website as well as other sites on the internet."
"Does Amazon.com Participate in the Safe Harbor Program?"
"Military.com (""Military"") is a property of Monster Worldwide dedicated to serving the military community."
"We are committed to protecting and respecting your privacy."
"Miscellaneous."
"If you have any questions about this notice or would like further information, please contact the Kaleida Health Privacy Officer at 716-859-8559."
"The PBS.org web site adheres to a strict policy for ensuring the privacy of personally identifiable information and preserving the integrity of this online medium."
"This Privacy Policy does not apply to any information collected by us offline or via third-party sites that may be accessed through hyperlinks on our Services."
"Military contains links to other web sites over which we have no control."
"This Privacy Policy applies only to the information we collect through the websites, mobile applications, electronic devices, kiosks, and all other interactive services whereby data is transmitted (hereinafter the Services) operated by Tribune Company and its subsidiaries (collectively we or us) regardless of how you access the Services, unless such website, mobile application, electronic device, kiosk, or other interactive service has a separate Privacy Policy specific to such website, application, device, kiosk, or interactive service."
"Privacy Policy
Last Updated: March 1, 2015
This Privacy Policy is an integral part of the agreement between JibJab Bros. Studios (""JibJab"" or ""we"") and each Visitor, Registered User, Live Call Purchaser or Member, as the case may be (each, a ""user"" or ""you"") concerning the use of the JibJab Sites."
"With your approval, we use the information you provide us in the following ways:

Zacks Investment Research Internal List
Everyone who submits personal information to Zacks Investment Research online will receive, via e-mail, our free weekly newsletters: Profit from the Pros."
"
What We Collect
We collect the information you affirmatively choose to provide us, such as when you provide your name, contact information, the pages you access and similar information for such purposes as purchasing products, creating an account, joining our loyalty programs, filling out a survey, entering contests, participating in promotions or electronic activities, posting comments on bulletin boards or otherwise interacting with our Sites."
"The transaction information we receive from our Merchants may include personal financial information about their customers or applicants (e.g., name, address, credit or debit card account numbers and expiration dates, etc.)"
"Information You Give Us."
"From time to time, we may initiate a program, service or survey that requests your name, birthday, email address, city of residence, ZIP code, or information about what you like and do not like about TGI Fridays."
"Wireless Marketing Services and Associated Promotional Opportunities."
"Transactions are transmitted using 128-bit secure socket layers (SSL) for up-to-date data protection

Privacy Policy
This privacy policy has been compiled to better serve those who are concerned with how their 'Personally identifiable information' (PII) is being used online."
"Because the Web is an evolving medium, we may need to change our Privacy Notice at some point in the future, in which case we'll post the revised Privacy Notice on this website and update the ""Last Updated"" date to reflect the date of the changes."
"Walmart Privacy Policy
Last Updated: March 2015
At Walmart, our customers are number one - always."
"Please read this summary and our updated privacy policy carefully so you understand what types of information Meredith collects about you, how we use and share that information and your related choices."
"This is strictly an information site used for research and your enjoyment."
